{
  "total_pairs": 9910,
  "unique_ids": 9231,
  "domains": 21,
  "avg_confidence": 0.9726437941473259,
  "language_pairs": {
    "mas-en": 4955,
    "en-mas": 4955
  },
  "tier_distribution": {
    "gold": 8444,
    "silver": 1466
  },
  "quality_score_avg": 0.9758627648839555
}